{"cameraMode":{"drawMode":0,"name":"Shaded","section":"Shading Mode"},"sceneLighting":false,"audioPlay":false,"sceneViewState":{"m_AlwaysRefresh":false,"showFog":true,"showSkybox":false,"showFlares":true,"showImageEffects":true,"showParticleSystems":true,"showVisualEffectGraphs":true,"m_FxEnabled":true},"in2DMode":false,"pivot":{"x":-0.06957255303859711,"y":0.016120005398988725,"z":0.0007635671645402908},"rotation":{"x":0.2596154510974884,"y":-0.17212417721748353,"z":0.047053173184394839,"w":0.9491078853607178},"size":0.14451497793197633,"orthographic":false}