{"cameraMode":{"drawMode":0,"name":"Shaded","section":"Shading Mode"},"sceneLighting":false,"audioPlay":false,"sceneViewState":{"m_AlwaysRefresh":false,"showFog":true,"showSkybox":false,"showFlares":true,"showImageEffects":true,"showParticleSystems":true,"showVisualEffectGraphs":true,"m_FxEnabled":true},"in2DMode":false,"pivot":{"x":-0.7588513493537903,"y":-0.11013422161340714,"z":-0.8461155295372009},"rotation":{"x":0.11047228425741196,"y":0.23674485087394715,"z":-0.027133295312523843,"w":0.964914083480835},"size":0.8660253882408142,"orthographic":false}