{"cameraMode":{"drawMode":0,"name":"Shaded","section":"Shading Mode"},"sceneLighting":false,"audioPlay":false,"sceneViewState":{"m_AlwaysRefresh":false,"showFog":true,"showSkybox":false,"showFlares":true,"showImageEffects":true,"showParticleSystems":true,"showVisualEffectGraphs":true,"m_FxEnabled":true},"in2DMode":false,"pivot":{"x":-0.9200583696365356,"y":3.292726993560791,"z":-3.413896083831787},"rotation":{"x":0.3330455720424652,"y":0.08016429096460343,"z":-0.028480596840381624,"w":0.9390977621078491},"size":1.0944280624389649,"orthographic":false}