{"cameraMode":{"drawMode":0,"name":"Shaded","section":"Shading Mode"},"sceneLighting":true,"audioPlay":false,"sceneViewState":{"m_AlwaysRefresh":false,"showFog":true,"showSkybox":true,"showFlares":true,"showImageEffects":true,"showParticleSystems":true,"showVisualEffectGraphs":true,"m_FxEnabled":true},"in2DMode":false,"pivot":{"x":1.6313713788986207,"y":-33.383670806884769,"z":48.42473602294922},"rotation":{"x":0.2929508686065674,"y":0.0068452428095042709,"z":-0.0021476487163454296,"w":0.9561349153518677},"size":31.837186813354493,"orthographic":false}