{"cameraMode":{"drawMode":0,"name":"Shaded","section":"Shading Mode"},"sceneLighting":true,"audioPlay":false,"sceneViewState":{"m_AlwaysRefresh":false,"showFog":true,"showSkybox":true,"showFlares":true,"showImageEffects":true,"showParticleSystems":true,"showVisualEffectGraphs":true,"m_FxEnabled":true},"in2DMode":false,"pivot":{"x":-0.4619131088256836,"y":-3.793248176574707,"z":11.992862701416016},"rotation":{"x":0.26191553473472597,"y":-0.11633308231830597,"z":0.03181640803813934,"w":0.9575340151786804},"size":13.095232009887696,"orthographic":false}