{"cameraMode":{"drawMode":0,"name":"Shaded","section":"Shading Mode"},"sceneLighting":true,"audioPlay":false,"sceneViewState":{"m_AlwaysRefresh":false,"showFog":true,"showSkybox":true,"showFlares":true,"showImageEffects":true,"showParticleSystems":true,"showVisualEffectGraphs":true,"m_FxEnabled":true},"in2DMode":false,"pivot":{"x":550.3560791015625,"y":503.711669921875,"z":353.1078186035156},"rotation":{"x":-0.15946434438228608,"y":0.024866390973329545,"z":0.0039160531014204029,"w":0.9869228601455689},"size":961.3012084960938,"orthographic":false}