{"cameraMode":{"drawMode":0,"name":"Shaded","section":"Shading Mode"},"sceneLighting":true,"audioPlay":false,"sceneViewState":{"m_AlwaysRefresh":false,"showFog":true,"showSkybox":true,"showFlares":true,"showImageEffects":true,"showParticleSystems":true,"showVisualEffectGraphs":true,"m_FxEnabled":true},"in2DMode":false,"pivot":{"x":0.8788007497787476,"y":-30.994905471801759,"z":-54.667327880859378},"rotation":{"x":-0.001109116361476481,"y":0.9625051617622376,"z":-0.2713714838027954,"w":-0.0037169961724430324},"size":31.837186813354493,"orthographic":false}