{"cameraMode":{"drawMode":0,"name":"Shaded","section":"Shading Mode"},"sceneLighting":true,"audioPlay":false,"sceneViewState":{"m_AlwaysRefresh":false,"showFog":true,"showSkybox":true,"showFlares":true,"showImageEffects":true,"showParticleSystems":true,"showVisualEffectGraphs":true,"m_FxEnabled":true},"in2DMode":false,"pivot":{"x":-0.5967229604721069,"y":0.21712832152843476,"z":23.45572853088379},"rotation":{"x":0.026996273547410966,"y":-0.008395976386964322,"z":0.00022097141481935978,"w":0.9996077418327332},"size":13.095232009887696,"orthographic":false}